{
    "dataBinding": {
        "/webapp/view/MainPage.view.xml": {
            "entitySet": ""
        }, 
        "/webapp/view/DetailPageTemp.view.xml": {
            "entitySet": ""
        }, 
        "/webapp/view/UserDialog.view.xml": {
            "entitySet": ""
        }, 
        "/webapp/view/LmsDialog.view.xml": {
            "entitySet": ""
        }, 
        "/webapp/view/FilterDialog.view.xml": {
            "entitySet": ""
        }, 
        "/webapp/view/Dialog1FormDetail.view.xml": {
            "entitySet": ""
        } 
    }
}